Time,Mean_Velocity,Max_Velocity,Min_Velocity,Std_Velocity
0.5,0.8723379969596863,1.320429801940918,0.004888912197202444,0.2784759998321533
