{
  "polygons": [
    {
      "polygon_id": 1,
      "vertices": [
        [
          30.665280311697984,
          252.20911283589476
        ],
        [
          100.79731902656238,
          269.74212251461086
        ],
        [
          198.48123009369493,
          283.1006060793469
        ],
        [
          288.6509941556634,
          304.80814187204305
        ],
        [
          426.41035591700427,
          357.40717090819135
        ],
        [
          543.2970871084449,
          357.40717090819135
        ],
        [
          645.1555242895574,
          379.9496119236835
        ],
        [
          696.9196481029097,
          375.77508580970346
        ],
        [
          707.7734159992578,
          324.8458672191472
        ],
        [
          630.1272302792294,
          324.8458672191472
        ],
        [
          556.6555706731809,
          298.128900089675
        ],
        [
          510.7357834194007,
          298.128900089675
        ],
        [
          448.1178917097003,
          292.28456353010296
        ],
        [
          408.87734623828817,
          292.28456353010296
        ],
        [
          373.811326880856,
          290.614753084511
        ],
        [
          337.91040230062777,
          277.2562695197749
        ],
        [
          285.31137326447947,
          276.4213642969789
        ],
        [
          217.68405021800305,
          272.2468381829989
        ],
        [
          178.4435047465908,
          253.04401805869077
        ],
        [
          139.20295927517856,
          253.04401805869077
        ],
        [
          121.66994959646246,
          249.70439716750673
        ],
        [
          111.65108692291045,
          246.3647762763227
        ],
        [
          91.61336157580632,
          238.85062927115865
        ],
        [
          72.4105414514982,
          238.01572404836264
        ],
        [
          55.712436995578116,
          238.01572404836264
        ],
        [
          42.35395343084201,
          242.1902501623427
        ],
        [
          34.00490120288197,
          246.3647762763227
        ],
        [
          28.160564643309954,
          253.04401805869077
        ]
      ],
      "area_px2": 28217.958339717705,
      "num_points": 27,
      "mean_velocity": 0.7507179379463196,
      "max_velocity": 2.0938661098480225,
      "min_velocity": 0.4294797480106354,
      "std_velocity": 0.3138537108898163
    }
  ],
  "circles": []
}